name,position,adp,key,pred_2026,pred_vorp,adp_rank,model_rank,value_gap,round
Jahmyr Gibbs,RB,1.7,jahmyr gibbs,172.96518,33.08058,1.0,47.0,-46.0,1
Bijan Robinson,RB,1.9,bijan robinson,243.46648,103.58188,2.0,7.0,-5.0,1
Puka Nacua,WR,2.8,puka nacua,279.54648,141.01071,3.0,2.0,1.0,1
Ja'Marr Chase,WR,4.2,jamarr chase,214.16513,75.629364,4.0,19.0,-15.0,1
Christian McCaffrey,RB,4.7,christian mccaffrey,228.26196,88.377365,5.0,10.0,-5.0,1
Jaxon Smith-Njigba,WR,6.3,jaxon smithnjigba,293.30835,154.77258,6.0,1.0,5.0,1
Jonathan Taylor,RB,6.9,jonathan taylor,225.06285,85.17825,7.0,12.0,-5.0,1
Amon-Ra St. Brown,WR,7.7,amonra st brown,258.59253,120.05676,8.0,5.0,3.0,1
De'Von Achane,RB,9.5,devon achane,265.3778,125.49321,9.0,3.0,6.0,1
Drake London,WR,11.2,drake london,221.52803,82.99226,10.0,15.0,-5.0,1
CeeDee Lamb,WR,11.6,ceedee lamb,223.2938,84.758026,11.0,13.0,-2.0,1
Ashton Jeanty,RB,11.9,ashton jeanty,181.83171,41.947113,12.0,38.0,-26.0,1
Justin Jefferson,WR,12.6,justin jefferson,224.51143,85.97566,13.0,11.0,2.0,1
James Cook III,RB,12.9,james cook,250.20425,110.31966,14.0,6.0,8.0,1
Derrick Henry,RB,15.3,derrick henry,224.08824,84.20364,15.0,14.0,1.0,2
A.J. Brown,WR,15.7,aj brown,178.3709,39.83513,16.0,39.0,-23.0,2
Chase Brown,RB,15.9,chase brown,209.65868,69.77408,17.0,20.0,-3.0,2
Saquon Barkley,RB,17.8,saquon barkley,219.13586,79.25127,18.0,18.0,0.0,2
Omarion Hampton,RB,18.1,omarion hampton,163.26468,23.380081,19.0,50.0,-31.0,2
George Pickens,WR,21.0,george pickens,220.01831,81.482544,20.0,16.0,4.0,2
Kenneth Walker III,RB,22.7,kenneth walker,161.98561,22.101013,21.0,51.0,-30.0,2
Chris Olave,WR,23.6,chris olave,186.38475,47.848984,22.0,29.0,-7.0,2
Rashee Rice,WR,23.8,rashee rice,198.73647,60.2007,23.0,24.0,-1.0,2
Nico Collins,WR,24.3,nico collins,202.53609,64.00032,24.0,22.0,2.0,2
Josh Jacobs,RB,25.9,josh jacobs,261.5267,121.642105,25.0,4.0,21.0,3
Josh Allen,QB,27.5,josh allen,296.7823,58.79448,26.0,26.0,0.0,3
Garrett Wilson,WR,27.8,garrett wilson,135.47539,-3.060379,27.0,96.0,-69.0,3
Breece Hall,RB,28.4,breece hall,151.30193,11.417328,28.5,67.0,-38.5,3
Zay Flowers,WR,28.4,zay flowers,198.2642,59.72844,28.5,25.0,3.5,3
DeVonta Smith,WR,28.5,devonta smith,159.40779,20.872025,30.0,52.0,-22.0,3
Trey McBride,TE,31.5,trey mcbride,226.06306,102.56818,31.0,8.0,23.0,3
Tetairoa McMillan,WR,33.0,tetairoa mcmillan,184.19733,45.66156,32.5,31.0,1.5,3
Javonte Williams,RB,33.0,javonte williams,169.37401,29.48941,32.5,48.0,-15.5,3
Kyren Williams,RB,33.1,kyren williams,239.46909,99.58449,34.0,9.0,25.0,3
Tee Higgins,WR,33.3,tee higgins,218.91536,80.37959,35.0,17.0,18.0,3
Brock Bowers,TE,36.7,brock bowers,181.617,58.122116,36.0,27.0,9.0,3
Cam Skattebo,RB,36.8,cam skattebo,151.9589,12.074295,37.0,66.0,-29.0,3
Ladd McConkey,WR,38.1,ladd mcconkey,153.6437,15.107941,38.0,62.0,-24.0,4
Travis Etienne Jr.,RB,38.6,travis etienne,173.87059,33.985992,39.0,46.0,-7.0,4
Terry McLaurin,WR,39.3,terry mclaurin,114.83903,-23.69674,40.0,115.0,-75.0,4
Davante Adams,WR,42.1,davante adams,184.01918,45.483414,41.0,32.0,9.0,4
Emeka Egbuka,WR,42.2,emeka egbuka,174.52579,35.99002,42.0,44.0,-2.0,4
Jaylen Waddle,WR,43.5,jaylen waddle,158.03578,19.500015,43.0,53.0,-10.0,4
Bucky Irving,RB,44.7,bucky irving,152.17436,12.289764,44.0,65.0,-21.0,4
D'Andre Swift,RB,46.1,dandre swift,158.18379,18.299194,45.0,57.0,-12.0,4
Quinshon Judkins,RB,47.7,quinshon judkins,148.73936,8.854767,46.0,71.0,-25.0,4
Malik Nabers,WR,48.0,malik nabers,177.34369,38.807922,47.0,40.0,7.0,4
Colston Loveland,TE,49.3,colston loveland,137.80862,14.313736,48.0,63.0,-15.0,5
Jameson Williams,WR,49.8,jameson williams,188.68083,50.145065,49.0,28.0,21.0,5
Joe Burrow,QB,50.0,joe burrow,307.0265,69.03868,50.0,21.0,29.0,5
Luther Burden III,WR,50.4,luther burden,133.6035,-4.932266,51.0,98.0,-47.0,5
Mike Evans,WR,53.7,mike evans,157.57608,19.040314,52.0,55.0,-3.0,5
Lamar Jackson,QB,53.8,lamar jackson,236.13066,-1.8571472,53.0,94.0,-41.0,5
David Montgomery,RB,55.6,david montgomery,108.845406,-31.039192,54.0,127.0,-73.0,5
Rome Odunze,WR,56.5,rome odunze,137.4534,-1.082367,55.0,92.0,-37.0,5
TreVeyon Henderson,RB,57.6,treveyon henderson,200.8208,60.936203,56.5,23.0,33.5,5
Tyler Warren,TE,57.6,tyler warren,167.60895,44.11406,56.5,34.0,22.5,5
Drake Maye,QB,58.0,drake maye,280.268,42.280197,58.0,37.0,21.0,5
Bhayshul Tuten,RB,60.2,bhayshul tuten,89.01565,-50.86895,59.0,139.0,-80.0,5
DK Metcalf,WR,60.5,dk metcalf,142.02646,3.4906921,60.0,78.0,-18.0,5
Dak Prescott,QB,62.0,dak prescott,229.05846,-8.929352,61.0,100.0,-39.0,6
Christian Watson,WR,62.1,christian watson,118.1923,-20.343468,62.0,113.0,-51.0,6
Jaylen Warren,RB,64.0,jaylen warren,176.92236,37.037766,63.0,43.0,20.0,6
Tony Pollard,RB,66.6,tony pollard,125.20221,-14.682388,64.0,107.0,-43.0,6
Alec Pierce,WR,67.6,alec pierce,157.69656,19.160797,65.0,54.0,11.0,6
Marvin Harrison Jr.,WR,68.8,marvin harrison,112.349846,-26.18592,66.0,121.0,-55.0,6
DJ Moore,WR,69.0,dj moore,129.60487,-8.930893,67.5,101.0,-33.5,6
Michael Pittman Jr.,WR,69.0,michael pittman,145.08015,6.544388,67.5,74.0,-6.5,6
Harold Fannin Jr.,TE,70.4,harold fannin,170.58405,47.089157,69.0,30.0,39.0,6
Rhamondre Stevenson,RB,70.6,rhamondre stevenson,122.92411,-16.960487,70.0,111.0,-41.0,6
Courtland Sutton,WR,70.9,courtland sutton,144.69376,6.1579895,71.0,75.0,-4.0,6
Sam LaPorta,TE,74.0,sam laporta,107.36327,-16.131615,72.0,110.0,-38.0,7
Parker Washington,WR,76.0,parker washington,141.51915,2.9833832,73.0,79.0,-6.0,7
Rico Dowdle,RB,77.4,rico dowdle,156.52751,16.642914,74.0,59.0,15.0,7
Jayden Daniels,QB,79.2,jayden daniels,217.025,-20.962814,75.0,114.0,-39.0,7
Chuba Hubbard,RB,81.3,chuba hubbard,128.55681,-11.327789,76.0,103.0,-27.0,7
Brian Thomas Jr.,WR,81.8,brian thomas,182.74834,44.21257,77.0,33.0,44.0,7
Chris Godwin Jr.,WR,82.3,chris godwin,138.53577,0.0,78.0,86.5,-8.5,7
Kyle Pitts Sr.,TE,85.1,kyle pitts,161.73181,38.236923,79.0,42.0,37.0,8
Michael Wilson,WR,85.2,michael wilson,151.22304,12.687271,80.0,64.0,16.0,8
Jalen Hurts,QB,86.6,jalen hurts,281.57776,43.58995,81.0,35.0,46.0,8
Trevor Lawrence,QB,88.1,trevor lawrence,244.93881,6.951004,82.0,73.0,9.0,8
Tucker Kraft,TE,88.2,tucker kraft,118.83453,-4.6603546,83.0,97.0,-14.0,8
Justin Herbert,QB,88.6,justin herbert,247.34325,9.355438,84.0,70.0,14.0,8
Brock Purdy,QB,88.7,brock purdy,209.77759,-28.21022,85.0,123.0,-38.0,8
Jakobi Meyers,WR,89.5,jakobi meyers,111.32658,-27.20919,86.0,122.0,-36.0,8
Jayden Reed,WR,90.5,jayden reed,84.853455,-53.682312,87.0,144.0,-57.0,8
Wan'Dale Robinson,WR,91.3,wandale robinson,172.72385,34.18808,88.0,45.0,43.0,8
J.K. Dobbins,RB,91.7,jk dobbins,65.82092,-74.063675,89.0,158.0,-69.0,8
Josh Downs,WR,92.0,josh downs,113.521835,-25.013931,90.0,118.0,-28.0,8
Jordan Addison,WR,93.9,jordan addison,124.39206,-14.143707,91.0,106.0,-15.0,8
Travis Kelce,TE,94.2,travis kelce,132.88527,9.390381,92.0,69.0,23.0,8
RJ Harvey,RB,94.7,rj harvey,182.74184,42.85724,93.0,36.0,57.0,8
Kenny Gainwell,RB,95.4,kenny gainwell,137.42111,-2.4634857,94.0,95.0,-1.0,8
Matthew Stafford,QB,97.2,matthew stafford,237.98781,0.0,95.0,86.5,8.5,9
Aaron Jones Sr.,RB,99.4,aaron jones,115.337845,-24.546753,96.0,116.0,-20.0,9
Kyle Monangai,RB,99.5,kyle monangai,139.45297,-0.43162537,97.0,90.0,7.0,9
Caleb Williams,QB,100.1,caleb williams,276.72787,38.740067,98.0,41.0,57.0,9
Quentin Johnston,WR,101.3,quentin johnston,137.62675,-0.90901184,99.0,91.0,8.0,9
Jared Goff,QB,101.4,jared goff,253.66806,15.680252,100.0,61.0,39.0,9
Ricky Pearsall,WR,102.4,ricky pearsall,83.23808,-55.297684,101.0,147.0,-46.0,9
Xavier Worthy,WR,103.4,xavier worthy,109.549835,-28.985931,102.5,124.0,-21.5,9
Patrick Mahomes,QB,103.4,patrick mahomes,242.27708,4.289276,102.5,77.0,25.5,9
Romeo Doubs,WR,103.6,romeo doubs,129.68936,-8.846405,104.0,99.0,5.0,9
Rachaad White,RB,105.4,rachaad white,110.77698,-29.10762,105.0,125.0,-20.0,9
Khalil Shakir,WR,105.7,khalil shakir,139.91472,1.378952,106.0,81.0,25.0,9
George Kittle,TE,106.1,george kittle,128.68689,5.1920013,107.0,76.0,31.0,9
John Metchie III,WR,115.4,john metchie,53.00353,-85.53224,108.0,163.0,-55.0,10
Blake Corum,RB,116.2,blake corum,94.08737,-45.797226,109.0,134.0,-25.0,10
Jaxson Dart,QB,116.4,jaxson dart,265.99637,28.00856,110.0,49.0,61.0,10
Matthew Golden,WR,117.3,matthew golden,75.40432,-63.131447,111.0,153.0,-42.0,10
Bo Nix,QB,119.2,bo nix,254.06732,16.079514,112.0,60.0,52.0,10
Jordan Mason,RB,120.3,jordan mason,101.50975,-38.374847,113.0,128.0,-15.0,10
Jake Ferguson,TE,121.7,jake ferguson,141.75603,18.261139,114.0,58.0,56.0,11
Jacory Croskey-Merritt,RB,122.1,jacory croskeymerritt,139.8846,0.0,115.0,86.5,28.5,11
Tyjae Spears,RB,122.3,tyjae spears,84.7329,-55.151695,116.0,146.0,-30.0,11
Jayden Higgins,WR,124.3,jayden higgins,123.83826,-14.69751,117.0,108.0,9.0,11
Dallas Goedert,TE,124.4,dallas goedert,123.55602,0.06113434,118.0,84.0,34.0,11
Jalen Coker,WR,126.4,jalen coker,82.40283,-56.132935,119.0,149.0,-30.0,11
Rashid Shaheed,WR,128.7,rashid shaheed,113.59573,-24.940033,120.0,117.0,3.0,11
Baker Mayfield,QB,130.6,baker mayfield,256.88028,18.892471,121.0,56.0,65.0,11
Jaydon Blue,RB,132.4,jaydon blue,46.13552,-93.74908,122.0,170.0,-48.0,11
Mark Andrews,TE,133.2,mark andrews,97.637115,-25.857773,123.0,120.0,3.0,12
Jordan Love,QB,135.3,jordan love,197.99635,-39.991455,124.0,129.0,-5.0,12
Jauan Jennings,WR,135.6,jauan jennings,139.30568,0.7699127,125.0,82.0,43.0,12
Tre Tucker,WR,135.7,tre tucker,126.481026,-12.054741,126.0,104.0,22.0,12
Jalen McMillan,WR,137.7,jalen mcmillan,49.700306,-88.835464,127.0,165.0,-38.0,12
Dalton Kincaid,TE,138.7,dalton kincaid,105.1413,-18.353592,128.0,112.0,16.0,12
Woody Marks,RB,138.8,woody marks,127.08411,-12.800491,129.0,105.0,24.0,12
Kyler Murray,QB,139.3,kyler murray,146.38916,-91.59865,130.0,168.0,-38.0,12
Theo Wease Jr.,WR,139.7,theo wease,47.99263,-90.54314,131.0,167.0,-36.0,12
Isaiah Likely,TE,140.2,isaiah likely,70.448944,-53.045944,132.0,143.0,-11.0,12
Tyler Shough,QB,141.7,tyler shough,149.49127,-88.49654,133.0,164.0,-31.0,12
Isiah Pacheco,RB,144.8,isiah pacheco,69.23934,-70.645256,134.0,157.0,-23.0,12
Jerry Jeudy,WR,145.1,jerry jeudy,136.89404,-1.6417236,135.0,93.0,42.0,13
Brenton Strange,TE,147.2,brenton strange,93.06588,-30.429008,136.0,126.0,10.0,13
C.J. Stroud,QB,148.3,cj stroud,167.4938,-70.494,137.0,156.0,-19.0,13
Hunter Henry,TE,149.3,hunter henry,123.49489,0.0,138.0,86.5,51.5,13
Calvin Ridley,WR,150.4,calvin ridley,63.365444,-75.17032,139.5,159.0,-19.5,13
Jalen Nailor,WR,150.4,jalen nailor,76.21135,-62.324417,139.5,151.0,-11.5,13
Sam Darnold,QB,150.9,sam darnold,185.4744,-52.513412,141.0,142.0,-1.0,13
Chris Rodriguez Jr.,RB,151.9,chris rodriguez,58.397636,-81.48696,142.0,161.0,-19.0,13
Zach Charbonnet,RB,153.5,zach charbonnet,140.43007,0.5454712,143.0,83.0,60.0,13
Adonai Mitchell,WR,153.8,adonai mitchell,91.781,-46.75477,144.0,136.0,8.0,13
Alvin Kamara,RB,154.7,alvin kamara,151.26729,11.38269,145.0,68.0,77.0,13
Malik Washington,WR,156.8,malik washington,86.03217,-52.503593,146.0,141.0,5.0,13
Brian Robinson Jr.,RB,156.9,brian robinson,42.125835,-97.75876,147.0,174.0,-27.0,13
Tyrone Tracy Jr.,RB,158.4,tyrone tracy,139.77368,-0.11091614,148.0,89.0,59.0,14
Justice Hill,RB,159.1,justice hill,58.142258,-81.74234,149.0,162.0,-13.0,14
T.J. Hockenson,TE,160.7,tj hockenson,67.740364,-55.754524,150.0,148.0,2.0,14
Cooper Kupp,WR,160.8,cooper kupp,89.25896,-49.27681,151.0,138.0,13.0,14
Rashod Bateman,WR,161.0,rashod bateman,63.343822,-75.19194,152.0,160.0,-8.0,14
Dylan Sampson,RB,161.3,dylan sampson,85.71797,-54.166626,153.0,145.0,8.0,14
Daniel Jones,QB,161.5,daniel jones,193.7089,-44.278915,154.0,133.0,21.0,14
Tyler Allgeier,RB,161.7,tyler allgeier,93.56343,-46.321167,155.0,135.0,20.0,14
James Conner,RB,162.2,james conner,96.97981,-42.904785,156.0,131.0,25.0,14
Tank Bigsby,RB,162.5,tank bigsby,48.275578,-91.609024,157.0,169.0,-12.0,14
Juwan Johnson,TE,162.9,juwan johnson,130.44849,6.953598,158.0,72.0,86.0,14
Ryan Flournoy,WR,164.0,ryan flournoy,80.926605,-57.60916,159.0,150.0,9.0,14
Chig Okonkwo,TE,164.1,chig okonkwo,98.08483,-25.410057,160.0,119.0,41.0,14
Keaton Mitchell,RB,164.2,keaton mitchell,44.670345,-95.21425,161.0,173.0,-12.0,14
Samaje Perine,RB,165.0,samaje perine,45.87304,-94.01156,162.0,171.0,-9.0,14
Malik Willis,QB,165.8,malik willis,49.70502,-188.28279,163.0,176.0,-13.0,14
Bryce Young,QB,165.9,bryce young,147.8504,-90.137405,164.0,166.0,-2.0,14
Oronde Gadsden,TE,166.2,oronde gadsden,125.41685,1.9219589,165.0,80.0,85.0,14
Jacoby Brissett,QB,167.0,jacoby brissett,186.08505,-51.902756,166.0,140.0,26.0,14
Cam Ward,QB,167.7,cam ward,194.3839,-43.603912,167.0,132.0,35.0,14
Kayshon Boutte,WR,167.8,kayshon boutte,96.25596,-42.279808,168.0,130.0,38.0,14
Christian Kirk,WR,169.2,christian kirk,44.47107,-94.0647,169.0,172.0,-3.0,15
Isaac TeSlaa,WR,169.3,isaac teslaa,70.54128,-67.994484,170.0,154.0,16.0,15
Greg Dulcich,TE,170.7,greg dulcich,53.381596,-70.1133,171.0,155.0,16.0,15
Troy Franklin,WR,171.3,troy franklin,127.29352,-11.242249,172.0,102.0,70.0,15
Dalton Schultz,TE,174.0,dalton schultz,107.637085,-15.857803,173.0,109.0,64.0,15
Dontayvion Wicks,WR,174.8,dontayvion wicks,75.97777,-62.558,174.0,152.0,22.0,15
Braelon Allen,RB,178.2,braelon allen,34.77234,-105.11226,175.0,175.0,0.0,15
Aaron Rodgers,QB,188.6,aaron rodgers,190.46358,-47.52423,176.0,137.0,39.0,16
