overall_rank,name,position,team,projected_points,vorp,adp,adp_rank,value_gap,tier,risk_flag
1,Puka Nacua,WR,LA,289.4,138.8,2.8,3.0,2.0,1,False
2,Bijan Robinson,RB,ATL,278.3,131.3,1.9,2.0,0.0,1,False
3,Ja'Marr Chase,WR,CIN,269.7,119.0,4.2,4.0,1.0,2,False
4,Jaxon Smith-Njigba,WR,SEA,268.8,118.1,6.3,6.0,2.0,2,False
5,Amon-Ra St. Brown,WR,DET,263.7,113.1,7.7,8.0,3.0,2,False
6,Trey McBride,TE,ARI,235.0,109.9,31.5,31.0,25.0,1,False
7,Jahmyr Gibbs,RB,DET,253.9,106.9,1.7,1.0,-6.0,2,False
8,Christian McCaffrey,RB,SF,251.5,104.4,4.7,5.0,-3.0,2,False
9,De'Von Achane,RB,MIA,245.2,98.1,9.5,9.0,0.0,2,False
10,Jonathan Taylor,RB,IND,233.8,86.8,6.9,7.0,-3.0,3,False
11,Drake London,WR,ATL,235.7,85.0,11.2,10.0,-1.0,3,False
12,James Cook,RB,BUF,221.5,74.4,12.9,14.0,2.0,4,False
13,Rashee Rice,WR,KC,219.0,68.3,23.8,23.0,10.0,4,False
14,Joe Burrow,QB,CIN,356.8,67.0,50.0,50.0,36.0,1,True
15,Harold Fannin Jr.,TE,CLE,190.9,65.8,70.4,69.0,54.0,2,False
16,George Pickens,WR,DAL,210.9,60.3,21.0,20.0,4.0,4,False
17,Tyler Warren,TE,IND,183.4,58.3,57.6,57.0,40.0,2,False
18,Ashton Jeanty,RB,LV,204.6,57.5,11.9,12.0,-6.0,5,False
19,Chris Olave,WR,NO,208.1,57.4,23.6,22.0,3.0,4,False
20,Justin Jefferson,WR,MIN,206.3,55.6,12.6,13.0,-7.0,4,False
21,Nico Collins,WR,HOU,204.0,53.4,24.3,24.0,3.0,4,False
22,CeeDee Lamb,WR,DAL,203.7,53.0,11.6,11.0,-11.0,4,False
23,Zay Flowers,WR,BAL,202.8,52.1,28.4,29.0,6.0,4,False
24,Jared Goff,QB,DET,341.9,52.0,101.4,100.0,76.0,2,False
25,Tetairoa McMillan,WR,CAR,201.4,50.7,33.0,32.0,7.0,4,False
26,Derrick Henry,RB,BAL,196.8,49.7,15.3,15.0,-11.0,5,False
27,Chase Brown,RB,CIN,196.5,49.4,15.9,17.0,-10.0,5,False
28,Brock Bowers,TE,LV,172.7,47.6,36.7,36.0,8.0,2,False
29,Lamar Jackson,QB,BAL,337.1,47.3,53.8,53.0,24.0,2,False
30,TreVeyon Henderson,RB,NE,191.2,44.1,57.6,56.0,26.0,5,False
31,Kyren Williams,RB,LA,190.9,43.9,33.1,34.0,3.0,5,False
32,Emeka Egbuka,WR,TB,194.3,43.6,42.2,42.0,10.0,4,False
33,Baker Mayfield,QB,TB,331.3,41.4,130.6,121.0,88.0,2,False
34,Davante Adams,WR,LA,190.3,39.7,42.1,41.0,7.0,4,False
35,RJ Harvey,RB,DEN,186.4,39.4,94.7,93.0,58.0,5,False
36,A.J. Brown,WR,PHI,189.9,39.2,15.7,16.0,-20.0,4,False
37,Josh Jacobs,RB,GB,185.4,38.3,25.9,25.0,-12.0,5,False
38,Kyle Pitts,TE,ATL,157.2,32.1,85.1,79.0,41.0,3,False
39,Brian Thomas Jr.,WR,JAX,181.6,30.9,81.8,77.0,38.0,4,False
40,Tee Higgins,WR,CIN,180.6,29.9,33.3,35.0,-5.0,4,False
41,Breece Hall,RB,NYJ,175.0,27.9,28.4,28.0,-13.0,6,False
42,Jameson Williams,WR,DET,178.5,27.9,49.8,49.0,7.0,4,False
43,Colston Loveland,TE,CHI,152.9,27.7,49.3,48.0,5.0,3,False
44,DeVonta Smith,WR,PHI,177.8,27.2,28.5,30.0,-14.0,4,False
45,Ladd McConkey,WR,LAC,176.8,26.1,38.1,38.0,-7.0,4,False
46,George Kittle,TE,SF,150.8,25.7,106.1,107.0,61.0,3,False
47,Malik Nabers,WR,NYG,175.9,25.2,48.0,47.0,0.0,4,True
48,Wan'Dale Robinson,WR,NYG,175.2,24.6,91.3,88.0,40.0,4,False
49,Drake Maye,QB,NE,314.3,24.4,58.0,58.0,9.0,3,False
50,Saquon Barkley,RB,PHI,169.5,22.4,17.8,18.0,-32.0,6,False
51,Javonte Williams,RB,DAL,169.0,21.9,33.0,33.0,-18.0,6,False
52,Josh Allen,QB,BUF,311.3,21.5,27.5,26.0,-26.0,3,False
53,Courtland Sutton,WR,DEN,171.9,21.2,70.9,71.0,18.0,4,False
54,Travis Etienne,RB,JAX,168.2,21.2,38.6,39.0,-15.0,6,False
55,Caleb Williams,QB,CHI,311.0,21.1,100.1,98.0,43.0,3,False
56,Bo Nix,QB,DEN,305.1,15.3,119.2,112.0,56.0,3,False
57,Jaylen Warren,RB,PIT,160.0,12.9,64.0,63.0,6.0,6,False
58,Travis Kelce,TE,KC,138.0,12.8,94.2,92.0,34.0,4,False
59,Garrett Wilson,WR,NYJ,163.3,12.6,27.8,27.0,-32.0,4,True
60,Michael Wilson,WR,ARI,163.2,12.5,85.2,80.0,20.0,4,False
61,Jalen Hurts,QB,PHI,300.6,10.7,86.6,81.0,20.0,3,False
62,Jaylen Waddle,WR,MIA,161.1,10.5,43.5,43.0,-19.0,4,False
63,Trevor Lawrence,QB,JAX,299.6,9.7,88.1,82.0,19.0,3,False
64,Quinshon Judkins,RB,CLE,156.8,9.7,47.7,46.0,-18.0,6,False
65,Jake Ferguson,TE,DAL,133.4,8.3,121.7,114.0,49.0,4,False
66,DK Metcalf,WR,PIT,158.3,7.7,60.5,60.0,-6.0,4,False
67,Dallas Goedert,TE,PHI,132.2,7.1,124.4,118.0,51.0,4,False
68,D'Andre Swift,RB,CHI,154.0,6.9,46.1,45.0,-23.0,6,False
69,Kenny Gainwell,RB,PIT,152.2,5.2,95.4,94.0,25.0,6,False
70,Kenneth Walker III,RB,SEA,148.7,1.6,22.7,21.0,-49.0,6,False
71,Michael Pittman,WR,IND,150.7,0.0,69.0,68.0,-4.0,4,False
72,Rico Dowdle,RB,CAR,147.1,0.0,77.4,74.0,0.0,6,False
73,Justin Herbert,QB,LAC,289.9,0.0,88.6,84.0,13.0,3,False
74,Oronde Gadsden II,TE,LAC,125.1,0.0,166.2,165.0,92.0,4,False
75,Terry McLaurin,WR,WAS,149.7,-0.9,39.3,40.0,-35.0,4,True
76,Alec Pierce,WR,IND,149.5,-1.1,67.6,65.0,-11.0,4,False
77,Tucker Kraft,TE,GB,123.8,-1.4,88.2,83.0,6.0,4,True
78,Quentin Johnston,WR,LAC,148.9,-1.7,101.3,99.0,21.0,4,False
79,Dalton Schultz,TE,HOU,123.3,-1.9,174.0,173.0,94.0,4,False
80,Cam Skattebo,RB,NYG,145.0,-2.0,36.8,37.0,-43.0,6,False
81,Stefon Diggs,WR,NE,148.6,-2.1,,,,4,False
82,Juwan Johnson,TE,NO,122.1,-3.0,162.9,158.0,76.0,4,False
83,Jauan Jennings,WR,SF,147.3,-3.4,135.6,125.0,42.0,4,False
84,Rome Odunze,WR,CHI,146.8,-3.8,56.5,55.0,-29.0,4,False
85,Hunter Henry,TE,NE,120.7,-4.5,149.3,138.0,53.0,4,False
86,Bucky Irving,RB,TB,141.8,-5.3,44.7,44.0,-42.0,6,True
87,Deebo Samuel Sr.,WR,WAS,143.6,-7.1,,,,4,False
88,AJ Barner,TE,SEA,117.8,-7.3,,,,4,False
89,Jakobi Meyers,WR,JAX,141.7,-9.0,89.5,86.0,-3.0,4,False
90,Tyrone Tracy Jr.,RB,NYG,137.5,-9.6,158.4,148.0,58.0,6,False
91,Parker Washington,WR,JAX,141.0,-9.7,76.0,73.0,-18.0,4,False
92,Tony Pollard,RB,TEN,137.3,-9.8,66.6,64.0,-28.0,6,False
93,Omarion Hampton,RB,LAC,136.0,-11.0,18.1,19.0,-74.0,6,False
94,Kyle Monangai,RB,CHI,134.7,-12.4,99.5,97.0,3.0,6,False
95,Jerry Jeudy,WR,CLE,137.1,-13.5,145.1,135.0,40.0,4,False
96,Theo Johnson,TE,NYG,111.3,-13.8,,,,4,False
97,Jordan Addison,WR,MIN,136.6,-14.1,93.9,91.0,-6.0,4,False
98,Dak Prescott,QB,DAL,275.3,-14.5,62.0,61.0,-37.0,4,False
99,Woody Marks,RB,HOU,132.1,-15.0,138.8,129.0,30.0,6,False
100,Patrick Mahomes,QB,KC,274.7,-15.1,103.4,103.0,3.0,4,False
101,Rhamondre Stevenson,RB,NE,131.7,-15.3,70.6,70.0,-31.0,6,False
102,Troy Franklin,WR,DEN,135.1,-15.6,171.3,172.0,70.0,4,False
103,Brock Purdy,QB,SF,273.8,-16.0,88.7,85.0,-18.0,4,True
104,Zach Charbonnet,RB,SEA,130.6,-16.5,153.5,143.0,39.0,6,False
105,DJ Moore,WR,CHI,134.2,-16.5,69.0,67.0,-38.0,4,False
106,Dalton Kincaid,TE,BUF,107.4,-17.7,138.7,128.0,22.0,4,False
107,Sam LaPorta,TE,DET,107.4,-17.7,74.0,72.0,-35.0,4,True
108,Tyreek Hill,WR,MIA,132.7,-18.0,,,,4,True
109,Keenan Allen,WR,LAC,131.6,-19.1,,,,4,False
110,Khalil Shakir,WR,BUF,131.0,-19.6,105.7,106.0,-4.0,4,False
111,Christian Watson,WR,GB,131.0,-19.7,62.1,62.0,-49.0,4,True
112,Jacory Croskey-Merritt,RB,WAS,127.3,-19.8,122.1,115.0,3.0,6,False
113,Matthew Stafford,QB,LA,267.7,-22.2,97.2,95.0,-18.0,4,False
114,Tre Tucker,WR,LV,128.1,-22.6,135.7,126.0,12.0,4,False
115,Mike Evans,WR,TB,127.7,-22.9,53.7,52.0,-63.0,4,True
116,Jaxson Dart,QB,NYG,266.8,-23.1,116.4,110.0,-6.0,4,False
117,Chuba Hubbard,RB,CAR,123.7,-23.4,81.3,76.0,-41.0,6,False
118,Romeo Doubs,WR,GB,126.4,-24.3,103.6,104.0,-14.0,4,False
119,Cade Otton,TE,TB,100.1,-25.0,,,,4,False
120,Luther Burden III,WR,CHI,123.8,-26.9,50.4,51.0,-69.0,4,False
